Gender,Age,Years_Married,Children,Education,Income,Work_Env,Job_Stress,Work_Hours,Had_Event
Male,50,17,2,Bachelor,8569,Mixed,1,36,0
Female,34,17,1,Bachelor,5026,Mixed,1,40,0
Female,29,15,1,HighSchool,4550,Mixed,0,30,0
Female,53,12,2,Bachelor,3142,Segregated,0,31,0
Male,22,17,3,Postgraduate,10871,Mixed,1,63,0
Male,22,16,3,Bachelor,2853,Segregated,0,61,0
Male,39,9,2,Bachelor,4142,Segregated,0,45,0
Female,29,7,2,Bachelor,5831,Mixed,1,61,0
Female,24,12,1,Postgraduate,6200,Segregated,1,43,0
Female,42,24,2,HighSchool,6915,Mixed,0,42,0
Male,37,2,1,Bachelor,8615,Mixed,1,45,0
Female,29,1,0,Bachelor,6012,Segregated,1,43,0
Female,22,13,2,Bachelor,2887,Segregated,0,42,0
Male,43,12,2,HighSchool,4486,Mixed,1,56,0
Male,41,13,1,Bachelor,5615,Mixed,0,46,0
Male,34,13,3,HighSchool,9136,Mixed,0,52,0
Male,53,10,0,Bachelor,2204,Mixed,0,55,0
Female,24,23,1,Bachelor,7405,Mixed,0,48,0
Male,22,1,0,HighSchool,5359,Mixed,0,35,0
Male,28,5,2,Postgraduate,6675,Segregated,1,31,0
Female,34,11,2,HighSchool,4796,Mixed,1,46,1
Male,37,1,1,Postgraduate,3315,Mixed,0,43,0
Male,32,10,2,Bachelor,6501,Segregated,1,45,0
Male,38,25,1,HighSchool,6308,Segregated,0,44,0
Male,22,12,2,HighSchool,6944,Mixed,0,70,0
Female,49,13,1,Postgraduate,4973,Mixed,1,31,0
Male,34,1,1,HighSchool,3800,Segregated,0,30,0
Female,46,7,3,HighSchool,1882,Mixed,0,48,0
Female,38,8,1,Bachelor,6638,Mixed,1,41,0
Male,39,9,0,Bachelor,5847,Segregated,0,48,0
Female,40,22,2,Bachelor,3068,Mixed,1,50,0
Male,39,16,3,HighSchool,3922,Mixed,0,57,0
Male,41,3,1,HighSchool,4066,Mixed,0,30,1
Female,48,13,0,HighSchool,2034,Mixed,0,39,0
Female,36,15,1,HighSchool,3364,Mixed,0,49,0
Female,42,21,2,Bachelor,2732,Segregated,0,52,0
Male,34,24,0,Bachelor,4175,Mixed,0,66,0
Male,49,3,2,HighSchool,3522,Mixed,1,54,0
Female,28,5,3,Bachelor,1745,Mixed,1,44,0
Male,53,1,1,Bachelor,9045,Segregated,0,36,0
Male,34,10,1,Postgraduate,7505,Mixed,0,39,0
Female,22,15,1,Postgraduate,3441,Mixed,0,39,1
Male,36,19,0,Postgraduate,5544,Segregated,1,51,0
Female,28,11,3,HighSchool,5834,Mixed,1,47,1
Male,43,9,1,HighSchool,7382,Mixed,0,31,0
Female,28,13,1,Bachelor,3362,Mixed,1,40,1
Male,30,5,2,HighSchool,7184,Mixed,0,53,0
Female,22,28,1,Bachelor,3904,Mixed,0,48,0
Female,30,1,2,Bachelor,2328,Segregated,0,50,0
Male,22,13,0,Postgraduate,6448,Mixed,0,48,0
Female,22,28,3,Postgraduate,7581,Mixed,0,61,0
Female,42,12,3,Bachelor,10175,Mixed,0,47,0
Female,42,10,2,Bachelor,2600,Mixed,1,41,0
Female,39,9,3,Bachelor,6397,Mixed,0,35,0
Female,25,10,0,HighSchool,4180,Segregated,0,47,0
Female,34,22,1,Bachelor,6566,Mixed,0,30,0
Male,34,1,2,HighSchool,2059,Segregated,0,43,0
Male,23,24,2,Bachelor,2474,Mixed,0,42,0
Male,50,1,1,Bachelor,3448,Mixed,0,31,0
Male,43,9,1,Bachelor,5157,Mixed,0,35,0
Male,32,8,0,Bachelor,3717,Mixed,0,53,0
Male,35,16,1,Bachelor,6318,Mixed,0,47,0
Female,37,1,0,Postgraduate,7053,Mixed,0,46,0
Male,22,15,2,HighSchool,6199,Segregated,1,48,0
Male,32,28,1,Bachelor,8237,Mixed,1,45,0
Female,28,1,0,Bachelor,5831,Mixed,0,57,0
Male,24,13,2,Bachelor,2566,Mixed,0,46,0
Female,32,6,2,Postgraduate,7726,Mixed,0,30,0
Male,52,15,3,HighSchool,3789,Mixed,0,61,0
Female,41,12,2,Bachelor,6820,Mixed,0,48,0
Female,29,6,1,Bachelor,8147,Mixed,0,39,0
Male,40,15,3,Postgraduate,5913,Segregated,0,32,0
Male,48,26,2,HighSchool,2007,Segregated,1,48,0
Female,44,10,0,Bachelor,3163,Mixed,0,43,0
Female,35,17,2,Bachelor,7645,Mixed,0,60,0
Female,28,1,3,HighSchool,4661,Segregated,0,41,0
Female,41,4,1,Bachelor,5159,Mixed,1,36,0
Male,38,15,1,Bachelor,6517,Mixed,1,53,0
Male,43,23,0,Bachelor,6392,Mixed,0,54,0
Male,41,14,0,Postgraduate,5557,Mixed,1,46,0
Female,45,9,1,Bachelor,4582,Mixed,0,51,0
Female,29,11,2,Bachelor,4374,Mixed,1,44,0
Male,48,1,0,Bachelor,6715,Mixed,1,47,0
Male,36,16,3,HighSchool,6107,Mixed,0,56,0
Male,55,19,2,HighSchool,4485,Segregated,1,51,0
Male,28,8,2,Bachelor,7164,Mixed,0,43,0
Female,52,8,3,Bachelor,4741,Mixed,0,58,0
Female,36,14,0,HighSchool,3296,Mixed,0,30,0
Female,28,8,1,Bachelor,3482,Segregated,1,65,0
Male,30,11,2,Bachelor,3042,Segregated,0,30,0
Male,31,28,3,HighSchool,4455,Segregated,0,38,0
Female,39,10,2,Bachelor,7467,Mixed,1,44,1
Female,40,9,1,HighSchool,3389,Segregated,0,43,0
Female,29,6,3,Postgraduate,5376,Segregated,0,55,0
Female,34,17,0,Postgraduate,3686,Mixed,0,34,0
Female,56,10,3,Bachelor,4479,Mixed,0,47,0
Female,52,6,3,HighSchool,1979,Mixed,0,39,0
Male,39,22,0,Bachelor,4558,Segregated,0,47,0
Male,35,23,2,Postgraduate,4612,Mixed,1,44,0
Male,36,7,0,Bachelor,6080,Mixed,1,45,0
Male,41,1,1,HighSchool,5446,Segregated,0,39,0
Female,24,20,2,Bachelor,2603,Segregated,0,39,0
Male,32,6,2,Postgraduate,7168,Segregated,0,47,0
Female,22,18,3,Bachelor,5420,Segregated,0,54,0
Female,38,1,2,Bachelor,5396,Mixed,0,39,0
Male,41,19,1,Bachelor,4981,Segregated,0,36,0
Male,30,2,3,Bachelor,3964,Mixed,1,51,0
Female,50,17,3,HighSchool,5435,Segregated,0,44,0
Male,22,12,0,Bachelor,5951,Mixed,0,53,0
Male,22,4,3,HighSchool,1506,Segregated,1,35,0
Male,37,8,0,Bachelor,3922,Segregated,1,30,0
Male,45,17,3,HighSchool,4490,Segregated,0,39,0
Female,51,12,1,Bachelor,5512,Mixed,1,37,0
Female,30,16,0,HighSchool,7386,Mixed,0,44,0
Female,45,27,1,Bachelor,3456,Segregated,1,38,0
Female,34,1,2,Bachelor,4004,Mixed,0,52,0
Female,33,24,1,HighSchool,3974,Segregated,1,42,0
Male,43,12,0,HighSchool,3396,Mixed,1,46,0
Female,41,4,2,HighSchool,4305,Segregated,1,46,0
Female,22,1,3,Postgraduate,6541,Mixed,1,46,1
Female,49,10,1,Bachelor,2892,Segregated,0,44,0
Female,48,19,1,Bachelor,5855,Segregated,0,50,0
Male,28,10,1,HighSchool,1596,Mixed,0,37,0
Male,38,24,0,Bachelor,3877,Mixed,1,58,0
Male,39,1,3,Postgraduate,4341,Mixed,1,42,0
Male,37,11,3,Postgraduate,8349,Mixed,0,31,0
Female,29,1,2,Bachelor,4450,Mixed,1,46,0
Female,28,14,1,HighSchool,1000,Segregated,1,36,0
Male,34,19,2,HighSchool,1002,Mixed,1,51,0
Female,46,8,2,HighSchool,5068,Mixed,1,67,0
Male,40,1,3,HighSchool,6227,Mixed,0,37,1
Male,31,13,2,HighSchool,5750,Mixed,0,48,1
Male,42,15,2,HighSchool,5335,Mixed,0,30,0
Male,22,15,2,Bachelor,7324,Segregated,0,49,0
Female,46,21,1,Postgraduate,3920,Segregated,0,36,0
Male,22,3,3,Bachelor,6789,Mixed,1,38,0
Female,31,17,2,Postgraduate,1735,Mixed,1,33,0
Female,23,21,2,Bachelor,3190,Segregated,0,52,0
Male,22,1,1,HighSchool,1385,Mixed,0,55,0
Female,46,14,2,Bachelor,4450,Mixed,0,45,0
Female,30,7,2,HighSchool,4907,Mixed,0,36,0
Male,38,11,0,Bachelor,5228,Mixed,0,60,0
Female,34,14,0,Bachelor,5123,Segregated,0,37,0
Male,39,8,2,Postgraduate,3144,Segregated,0,30,0
Male,35,6,2,HighSchool,4619,Mixed,0,49,0
Male,22,12,2,HighSchool,2005,Mixed,0,33,0
Female,44,3,1,Postgraduate,7726,Segregated,0,54,0
Female,30,3,2,HighSchool,4392,Segregated,0,41,0
Male,22,17,0,Bachelor,4022,Segregated,0,51,0
Male,30,2,1,Bachelor,8177,Segregated,0,59,1
Female,50,17,0,Postgraduate,2515,Mixed,1,32,0
Male,43,15,0,Postgraduate,2748,Segregated,0,39,0
Male,31,1,1,Postgraduate,2807,Segregated,0,44,0
Female,31,6,1,HighSchool,4864,Mixed,1,60,1
Female,31,21,0,Postgraduate,5863,Segregated,0,38,0
Male,55,4,1,Bachelor,6479,Mixed,1,39,0
Female,38,8,2,Bachelor,10143,Mixed,0,49,0
Female,39,15,1,HighSchool,1000,Mixed,0,39,1
Male,45,18,1,Bachelor,6217,Mixed,0,46,0
Female,37,9,3,Postgraduate,3885,Mixed,0,30,0
Male,32,7,0,Postgraduate,3827,Mixed,0,67,1
Female,33,23,2,Bachelor,3760,Mixed,0,31,0
Female,34,25,0,HighSchool,3182,Mixed,0,41,0
Female,34,19,0,Bachelor,8369,Mixed,0,44,0
Male,42,12,2,Postgraduate,6684,Mixed,0,64,0
Female,35,5,2,Bachelor,5046,Segregated,1,31,0
Male,42,5,3,Bachelor,7702,Mixed,0,64,0
Male,34,16,2,HighSchool,1974,Mixed,0,52,1
Male,35,15,3,Bachelor,2338,Segregated,0,49,0
Female,22,23,0,Bachelor,1000,Segregated,1,35,0
Female,44,17,0,Postgraduate,3601,Segregated,0,50,0
Male,38,1,0,Bachelor,5323,Mixed,0,37,0
Female,44,20,0,Bachelor,5205,Mixed,0,57,0
Male,22,4,2,Bachelor,5298,Segregated,0,35,0
Female,55,8,2,HighSchool,2177,Mixed,1,43,0
Male,33,14,0,Postgraduate,6606,Mixed,1,39,0
Female,46,27,3,Bachelor,5479,Mixed,0,35,0
Male,24,36,3,Bachelor,6466,Segregated,0,52,0
Female,41,16,1,Bachelor,1214,Mixed,1,50,1
Male,24,10,0,Bachelor,5622,Segregated,0,57,0
Male,28,16,0,Bachelor,2624,Segregated,1,30,0
Male,54,19,0,Bachelor,4205,Mixed,1,55,0
Female,33,9,0,HighSchool,6068,Segregated,0,70,0
Female,37,26,2,Bachelor,5182,Segregated,1,40,0
Male,43,13,1,HighSchool,3296,Segregated,0,63,0
Female,39,15,1,Bachelor,5012,Mixed,1,42,0
Female,36,17,3,HighSchool,1936,Segregated,0,31,0
Female,38,15,2,Bachelor,7300,Mixed,0,41,0
Female,59,18,3,Postgraduate,4589,Segregated,0,55,0
Male,34,7,0,Postgraduate,7237,Mixed,1,36,0
Male,37,7,1,Bachelor,3946,Mixed,0,38,0
Female,45,3,2,Bachelor,3952,Segregated,0,50,0
Female,46,15,0,HighSchool,3471,Segregated,0,45,0
Female,46,18,0,Bachelor,6752,Mixed,0,50,0
Male,41,15,2,Postgraduate,3581,Mixed,0,47,0
Male,23,25,2,HighSchool,6289,Mixed,0,49,0
Female,51,11,1,Bachelor,4235,Segregated,0,40,0
Female,23,17,1,Postgraduate,1048,Segregated,0,47,0
Female,38,3,1,Postgraduate,3859,Segregated,0,35,0
Female,27,8,0,HighSchool,2641,Mixed,0,57,1
Female,34,17,1,Bachelor,5067,Mixed,0,38,0
Male,38,18,0,HighSchool,2619,Segregated,1,56,0
Male,38,9,0,HighSchool,6851,Segregated,0,42,0
Female,39,11,3,Postgraduate,4817,Mixed,1,47,0
Female,51,1,2,Postgraduate,4644,Segregated,1,40,0
Male,39,9,2,Bachelor,6311,Mixed,0,34,0
Male,32,19,1,HighSchool,6927,Mixed,0,30,0
Female,44,16,1,Postgraduate,4959,Mixed,1,34,0
Male,46,16,1,Bachelor,3457,Mixed,0,41,0
Male,22,12,0,Bachelor,1452,Mixed,0,47,0
Female,40,12,0,Bachelor,3627,Mixed,1,55,1
Female,42,6,2,HighSchool,3765,Mixed,0,40,0
Female,32,17,2,Bachelor,5214,Segregated,1,36,0
Male,48,15,2,Bachelor,4309,Mixed,0,30,0
Female,33,15,1,HighSchool,6375,Mixed,1,49,0
Male,36,7,3,HighSchool,3774,Mixed,0,58,0
Male,33,1,0,HighSchool,4885,Mixed,0,57,0
Female,35,20,1,HighSchool,7367,Segregated,0,52,0
Female,24,8,1,Bachelor,5683,Mixed,0,51,0
Female,22,5,2,Postgraduate,4879,Segregated,1,61,0
Female,50,17,3,HighSchool,3796,Segregated,0,48,0
Female,26,8,1,HighSchool,3733,Mixed,1,51,0
Male,25,20,3,Bachelor,3298,Mixed,0,41,0
Male,22,16,3,Postgraduate,3917,Mixed,0,31,0
Male,28,17,1,Bachelor,6511,Mixed,0,38,0
Male,22,1,1,Bachelor,4556,Segregated,0,44,0
Female,51,21,1,Bachelor,2300,Mixed,0,45,0
Male,45,14,3,HighSchool,8536,Mixed,0,64,0
Female,28,9,0,HighSchool,5639,Mixed,1,45,1
Female,57,13,2,Bachelor,2186,Mixed,1,56,0
Female,44,1,1,Bachelor,4116,Mixed,0,40,0
Female,31,15,2,Bachelor,5221,Mixed,0,41,0
Female,22,3,1,Bachelor,8409,Mixed,0,31,0
Female,57,1,2,Bachelor,2783,Mixed,0,37,0
Male,22,1,3,HighSchool,6952,Segregated,0,50,0
Female,22,20,3,Bachelor,7798,Segregated,0,45,0
Male,45,6,3,HighSchool,3742,Mixed,1,54,0
Male,59,24,0,HighSchool,4444,Mixed,1,46,0
Female,48,7,2,Bachelor,2927,Segregated,0,41,0
Male,40,1,0,Postgraduate,4593,Mixed,0,66,1
Female,40,3,1,Postgraduate,4926,Mixed,0,44,0
Female,43,21,2,Bachelor,6319,Mixed,1,56,0
Female,42,10,1,HighSchool,7180,Segregated,0,40,0
Male,37,7,2,HighSchool,3503,Mixed,0,52,0
Male,36,13,3,Postgraduate,1065,Segregated,1,54,0
Female,34,16,0,Bachelor,4957,Segregated,0,47,0
Male,27,20,2,Bachelor,5587,Segregated,0,30,0
Female,32,23,1,Bachelor,5498,Segregated,0,45,0
Female,22,9,0,Bachelor,4346,Mixed,0,57,0
Female,34,1,0,Postgraduate,5249,Mixed,0,50,1
Male,25,8,3,HighSchool,8030,Segregated,0,49,0
Male,23,14,3,Bachelor,5763,Segregated,0,30,0
Female,36,4,3,Postgraduate,4253,Mixed,0,37,0
Male,48,4,3,HighSchool,3999,Segregated,1,49,0
Male,44,14,1,Bachelor,4660,Mixed,0,49,0
Female,22,11,1,Bachelor,8273,Mixed,0,57,0
Female,25,12,2,Postgraduate,4633,Mixed,1,43,1
Female,44,5,1,HighSchool,4960,Mixed,1,49,0
Female,25,10,1,Bachelor,4035,Mixed,1,45,0
Male,32,4,1,HighSchool,7197,Mixed,0,35,0
Female,40,19,2,Bachelor,8919,Mixed,0,30,0
Female,25,20,2,HighSchool,5901,Mixed,1,49,0
Male,36,1,0,HighSchool,5165,Mixed,1,46,0
Female,22,4,1,Bachelor,5073,Segregated,0,38,0
Female,28,1,2,Postgraduate,1000,Mixed,1,30,0
Female,38,6,2,HighSchool,6490,Mixed,0,51,0
Female,22,11,1,HighSchool,5268,Mixed,1,42,0
Female,39,1,2,Bachelor,5856,Mixed,1,50,0
Male,34,4,0,Bachelor,3577,Segregated,1,63,0
Male,40,3,1,Postgraduate,4231,Mixed,1,30,0
Female,37,13,2,HighSchool,4177,Segregated,1,38,0
Female,48,12,2,Bachelor,7043,Mixed,0,42,0
Female,36,6,1,HighSchool,4242,Mixed,0,59,0
Female,30,13,2,HighSchool,9165,Mixed,0,30,0
Female,36,7,2,Bachelor,5861,Mixed,0,64,0
Female,40,9,2,Bachelor,2448,Mixed,1,46,0
Female,35,25,2,Bachelor,4742,Mixed,0,44,0
Female,35,22,2,Bachelor,3696,Mixed,0,43,0
Female,27,1,1,Bachelor,1000,Mixed,0,40,0
Female,28,18,0,Bachelor,8198,Segregated,1,55,0
Female,22,18,1,Postgraduate,6406,Mixed,0,34,0
Male,52,2,1,HighSchool,6066,Mixed,0,48,0
Male,22,18,2,HighSchool,5330,Mixed,0,41,0
Male,28,24,2,Bachelor,2235,Mixed,1,37,0
Female,27,3,1,Bachelor,4032,Mixed,0,70,0
Male,43,4,0,HighSchool,6683,Segregated,1,49,0
Male,32,20,1,Postgraduate,2897,Segregated,0,51,0
Female,47,14,1,HighSchool,1000,Mixed,0,56,0
Male,28,16,2,Postgraduate,4545,Mixed,1,30,0
Female,37,14,0,HighSchool,4716,Mixed,0,62,0
Male,26,15,2,Bachelor,5271,Segregated,0,30,0
Male,56,1,3,Postgraduate,6457,Mixed,0,37,0
Female,23,20,0,HighSchool,6275,Mixed,0,40,0
Male,38,21,1,Postgraduate,5517,Mixed,0,50,0
Male,41,10,0,Bachelor,7391,Segregated,0,47,0
Female,39,11,2,Postgraduate,1962,Mixed,0,43,0
Female,33,1,2,Bachelor,6009,Mixed,0,44,0
Male,33,16,1,Bachelor,6253,Segregated,1,35,0
Female,35,16,2,HighSchool,2520,Mixed,1,30,0
Male,33,11,3,Bachelor,1994,Segregated,0,52,0
Male,44,20,0,HighSchool,3508,Mixed,0,51,0
Female,57,9,0,HighSchool,3676,Segregated,0,60,0
Female,29,16,3,HighSchool,6506,Segregated,0,37,0
Female,22,3,2,Bachelor,3770,Mixed,0,51,0
Female,34,11,3,Bachelor,3287,Segregated,0,42,0
Female,60,10,2,HighSchool,3776,Mixed,0,56,0
Female,26,13,3,HighSchool,7237,Segregated,0,55,0
Male,51,9,1,Bachelor,5026,Mixed,0,47,0
Female,51,10,2,HighSchool,4641,Segregated,1,41,0
Male,29,18,3,HighSchool,4779,Mixed,0,54,1
Male,40,8,2,HighSchool,7584,Segregated,0,51,0
Male,51,1,0,Postgraduate,3501,Mixed,1,38,0
Male,31,25,1,Postgraduate,7631,Segregated,0,31,0
Female,32,23,0,Bachelor,5420,Segregated,0,42,0
Female,29,1,1,Bachelor,4679,Mixed,0,60,0
Female,24,17,1,Bachelor,10001,Segregated,0,56,0
Male,28,7,2,Bachelor,2888,Segregated,0,33,0
Male,22,14,2,Bachelor,4292,Mixed,1,33,0
Male,35,14,1,Bachelor,2535,Mixed,0,57,0
Male,27,10,2,HighSchool,6904,Mixed,0,33,0
Female,37,5,0,HighSchool,8378,Mixed,1,50,1
Female,22,6,0,Bachelor,8339,Mixed,1,38,1
Female,38,4,0,Postgraduate,7447,Mixed,0,61,1
Male,43,5,2,Bachelor,4604,Mixed,1,37,0
Female,22,11,1,Postgraduate,4269,Mixed,0,56,0
Female,38,6,1,Postgraduate,1657,Mixed,0,46,0
Female,47,17,1,HighSchool,9071,Segregated,0,47,0
Female,22,23,3,Bachelor,5937,Segregated,0,30,0
Male,51,7,0,Bachelor,4016,Mixed,1,30,0
Male,39,13,2,Postgraduate,7656,Segregated,0,42,0
Male,27,15,2,Postgraduate,3054,Segregated,0,47,0
Female,34,15,2,Bachelor,5813,Segregated,0,33,0
Male,40,12,3,HighSchool,4654,Mixed,0,34,0
Male,35,17,0,Bachelor,6277,Mixed,0,50,0
Male,40,15,0,HighSchool,4872,Segregated,0,50,0
Male,25,2,3,Bachelor,2098,Segregated,1,43,0
Female,36,18,1,Postgraduate,5151,Segregated,0,52,0
Female,22,19,2,Bachelor,7097,Segregated,0,33,0
Male,33,5,2,Bachelor,4941,Mixed,0,41,1
Male,25,12,2,Bachelor,6550,Mixed,0,61,0
Female,27,17,3,Bachelor,2908,Mixed,0,45,0
Male,47,10,3,Bachelor,4947,Mixed,1,46,0
Male,45,20,2,Bachelor,3750,Segregated,1,68,0
Male,41,30,1,Postgraduate,6493,Mixed,0,31,0
Male,24,5,3,Postgraduate,5062,Mixed,0,52,0
Female,31,1,0,HighSchool,6380,Segregated,1,61,0
Female,47,14,1,Postgraduate,7175,Mixed,0,41,0
Male,36,17,3,Bachelor,6383,Segregated,0,53,0
Male,58,10,1,HighSchool,5546,Segregated,0,35,0
Female,38,23,1,HighSchool,3003,Mixed,1,38,0
Female,36,1,0,HighSchool,4994,Mixed,0,48,0
Female,31,17,3,Postgraduate,3933,Mixed,1,52,0
Female,36,7,2,Bachelor,4311,Mixed,1,56,0
Male,33,25,2,Bachelor,4250,Mixed,0,60,1
Male,42,27,1,HighSchool,3040,Mixed,1,44,0
Female,44,5,2,Bachelor,1085,Segregated,1,56,0
Male,27,7,2,HighSchool,3663,Mixed,0,41,0
Female,22,18,1,Bachelor,5386,Segregated,0,54,0
Female,22,8,1,Bachelor,2303,Mixed,0,47,0
Female,40,11,1,HighSchool,5031,Mixed,0,49,0
Male,23,12,3,Postgraduate,8800,Segregated,0,49,0
Female,22,1,2,HighSchool,7046,Mixed,0,30,0
Male,38,11,3,Bachelor,8287,Mixed,0,33,0
Female,59,6,1,Bachelor,5782,Segregated,1,46,0
Female,34,8,2,Bachelor,7335,Segregated,0,30,0
Male,43,23,2,HighSchool,3552,Segregated,0,53,1
Female,35,1,2,HighSchool,3711,Mixed,0,53,0
Female,34,18,3,Postgraduate,1000,Mixed,0,48,0
Male,44,9,1,HighSchool,7372,Segregated,0,33,0
Male,32,9,0,Postgraduate,8080,Segregated,0,58,0
Male,37,18,2,Postgraduate,3893,Mixed,0,65,0
Male,38,14,2,HighSchool,4492,Segregated,1,46,0
Male,28,16,2,HighSchool,3492,Mixed,1,50,0
Female,44,19,1,Bachelor,5765,Mixed,0,47,0
Male,33,9,2,Postgraduate,7249,Mixed,1,50,0
Male,27,7,1,Postgraduate,1514,Mixed,1,43,0
Female,40,3,1,Bachelor,5818,Mixed,0,44,0
Male,26,5,2,Bachelor,4446,Mixed,1,54,0
Female,35,35,2,HighSchool,5226,Mixed,1,68,0
Male,34,21,1,Postgraduate,5917,Segregated,0,30,0
Male,45,1,1,Postgraduate,4623,Segregated,0,43,1
Female,39,1,1,HighSchool,4792,Segregated,0,33,0
Female,34,15,0,HighSchool,4572,Segregated,0,60,0
Female,43,16,2,HighSchool,6940,Mixed,1,39,0
Female,48,16,3,HighSchool,5837,Mixed,0,30,0
Female,40,9,1,Postgraduate,5441,Segregated,1,51,0
Male,35,10,2,Bachelor,2458,Mixed,1,62,0
Male,22,14,3,HighSchool,4242,Mixed,0,51,0
Female,24,12,3,Bachelor,6797,Mixed,1,47,1
Female,31,1,0,Postgraduate,5075,Segregated,0,49,0
Female,28,10,3,Bachelor,6319,Mixed,0,59,0
Male,33,5,1,Bachelor,8533,Segregated,0,36,0
Male,35,13,1,HighSchool,7077,Mixed,0,43,0
Female,40,35,0,Postgraduate,5186,Segregated,0,40,0
Male,34,14,1,Postgraduate,3978,Segregated,1,33,0
Female,39,9,0,HighSchool,1000,Segregated,1,41,0
Female,35,19,1,HighSchool,4663,Mixed,0,56,0
Male,22,15,1,HighSchool,4347,Mixed,1,50,0
Female,25,15,3,HighSchool,5780,Segregated,1,51,0
Female,33,16,3,Bachelor,4692,Mixed,0,46,0
Male,22,28,1,Postgraduate,4359,Mixed,0,50,0
Female,40,2,3,Bachelor,1441,Mixed,1,36,0
Female,50,15,3,Postgraduate,3120,Segregated,0,41,0
Female,47,4,2,Bachelor,5953,Mixed,0,46,0
Male,32,16,0,Bachelor,8431,Segregated,0,47,0
Female,49,4,2,Bachelor,4804,Mixed,1,48,0
Male,36,8,3,HighSchool,5655,Mixed,0,43,0
Male,31,9,2,Bachelor,6904,Segregated,0,41,0
Female,28,19,1,Bachelor,3378,Mixed,0,76,0
Male,31,19,2,HighSchool,5733,Mixed,1,54,0
Male,31,2,2,Bachelor,3519,Segregated,0,49,0
Female,36,12,2,Bachelor,6729,Segregated,0,42,0
Female,36,6,0,Postgraduate,5302,Mixed,1,40,0
Female,35,1,1,Bachelor,5596,Segregated,0,43,1
Female,39,10,3,Postgraduate,3434,Segregated,1,47,0
Male,46,9,3,Bachelor,6414,Segregated,1,30,0
Male,44,31,0,Bachelor,9169,Mixed,1,30,0
Male,22,15,3,Bachelor,2984,Mixed,0,38,0
Female,22,1,1,Postgraduate,4320,Segregated,0,47,0
Female,44,7,2,Bachelor,5463,Segregated,1,42,0
Female,22,20,2,Bachelor,6572,Mixed,1,59,0
Female,32,28,3,Bachelor,3880,Mixed,0,30,0
Male,23,1,3,Bachelor,1000,Mixed,1,37,0
Female,22,1,1,HighSchool,7718,Mixed,0,60,1
Male,40,26,3,HighSchool,6521,Mixed,0,46,0
Female,42,15,0,HighSchool,1514,Mixed,0,53,0
Male,29,5,2,Postgraduate,3784,Segregated,1,65,0
Female,22,16,2,HighSchool,8136,Mixed,0,38,0
Male,29,1,2,HighSchool,7895,Segregated,0,44,0
Male,38,12,1,Bachelor,6877,Mixed,1,42,1
Male,22,14,3,Bachelor,4647,Mixed,0,30,0
Female,36,19,0,Bachelor,5165,Mixed,0,41,0
Female,34,3,0,HighSchool,4738,Mixed,0,53,0
Male,40,12,2,Postgraduate,7256,Segregated,0,50,0
Male,36,4,1,Postgraduate,3248,Segregated,1,51,0
Female,25,14,3,Postgraduate,3388,Mixed,1,41,1
Male,46,4,1,Bachelor,7020,Mixed,0,38,0
Female,33,8,0,Bachelor,4911,Mixed,1,57,0
Female,34,4,3,HighSchool,7756,Segregated,0,40,0
Male,25,17,2,HighSchool,3656,Segregated,0,47,0
Male,30,18,0,HighSchool,4890,Mixed,0,46,0
Female,26,10,2,Bachelor,3155,Segregated,0,59,0
Male,33,12,2,Bachelor,5014,Segregated,0,54,0
Male,52,1,2,Bachelor,2042,Mixed,0,32,0
Female,22,9,1,HighSchool,4024,Mixed,0,33,0
Female,22,11,3,Bachelor,2127,Segregated,0,50,0
Female,49,32,3,Bachelor,6387,Segregated,0,44,0
Female,32,3,2,Bachelor,6433,Mixed,0,40,0
Male,28,23,0,Bachelor,1539,Mixed,1,55,0
Male,45,19,3,HighSchool,7667,Mixed,0,46,0
Female,28,14,2,Postgraduate,9994,Mixed,0,45,0
Female,53,26,2,Bachelor,5092,Segregated,1,52,0
Male,41,14,1,HighSchool,3717,Mixed,1,41,0
Female,30,15,3,HighSchool,10648,Segregated,0,60,0
Male,56,11,2,Bachelor,2362,Segregated,0,37,0
Female,28,21,0,Postgraduate,5040,Mixed,1,51,1
Male,42,20,1,Bachelor,5359,Mixed,0,59,0
Male,37,6,3,HighSchool,7690,Mixed,1,31,0
Male,48,1,0,Postgraduate,5719,Segregated,1,41,0
Male,50,10,3,Bachelor,4002,Mixed,0,56,0
Male,35,5,2,Bachelor,3097,Segregated,1,56,0
Female,27,11,2,Bachelor,4316,Segregated,0,43,0
Female,39,21,1,HighSchool,2986,Mixed,0,37,0
Female,28,8,1,Bachelor,5095,Segregated,1,54,0
Female,55,11,3,Bachelor,3871,Segregated,0,56,0
Male,36,12,1,Postgraduate,2011,Mixed,1,33,0
Male,31,18,2,Bachelor,7510,Mixed,1,32,0
Female,36,1,1,Bachelor,4004,Segregated,1,47,0
Male,22,7,0,Bachelor,2463,Segregated,0,51,0
Female,25,13,0,Postgraduate,4663,Mixed,0,42,0
Male,47,21,2,Postgraduate,5136,Mixed,0,51,0
Female,28,8,3,Bachelor,1507,Mixed,0,37,0
Male,24,1,1,Bachelor,5663,Segregated,0,30,0
Female,40,16,1,Bachelor,2905,Mixed,1,40,0
Female,46,6,1,Bachelor,8422,Mixed,1,45,0
Female,42,2,2,HighSchool,6047,Segregated,0,42,0
Male,44,7,1,Bachelor,4200,Mixed,0,33,0
Female,27,10,3,HighSchool,3509,Segregated,1,30,0
Female,22,7,2,Postgraduate,4790,Mixed,0,39,0
Female,50,1,2,Bachelor,6225,Segregated,0,53,0
Female,31,19,0,Postgraduate,4949,Mixed,1,57,1
Female,32,22,3,Bachelor,4565,Segregated,1,56,0
Male,48,17,1,Bachelor,5116,Segregated,0,36,0
Female,40,2,0,Bachelor,3792,Mixed,1,33,1
Female,39,10,2,HighSchool,4313,Mixed,0,49,0
Female,56,11,2,Bachelor,1000,Mixed,1,51,0
Male,28,16,1,HighSchool,6947,Mixed,0,49,0
Male,44,17,1,Bachelor,5597,Segregated,0,30,0
Female,35,6,2,Bachelor,3453,Segregated,1,36,0
Female,37,12,0,Bachelor,8797,Mixed,0,44,0
Male,50,15,3,HighSchool,5174,Segregated,1,49,0
Female,40,23,2,HighSchool,2927,Segregated,1,52,0
Male,40,17,1,Bachelor,6713,Segregated,1,46,0
Male,45,18,1,Postgraduate,5796,Mixed,1,48,0
Male,31,12,1,Bachelor,5789,Mixed,0,45,0
Male,26,23,2,Bachelor,4148,Mixed,1,51,0
Female,24,15,2,Bachelor,5900,Mixed,0,48,0
Male,22,5,1,HighSchool,4476,Mixed,0,45,0
Female,55,23,2,Postgraduate,6111,Mixed,1,42,0
Female,23,17,3,Bachelor,1190,Mixed,0,45,0
Female,32,8,1,HighSchool,4132,Segregated,0,49,0
Female,32,8,3,Bachelor,8444,Mixed,0,47,0
Male,38,14,1,HighSchool,3465,Mixed,0,48,0
Female,43,15,0,Postgraduate,3792,Mixed,1,58,0
Female,43,13,1,HighSchool,4104,Mixed,0,47,0
Male,29,14,1,Bachelor,2570,Mixed,0,38,0
Female,33,25,1,HighSchool,1000,Mixed,1,53,1
Female,37,20,0,Bachelor,4538,Mixed,0,31,0
Female,32,13,3,Bachelor,5271,Mixed,0,34,0
Female,51,19,3,Bachelor,4894,Mixed,0,48,0
Female,39,3,2,Bachelor,4710,Mixed,0,50,0
Male,42,15,0,Postgraduate,5086,Segregated,0,32,0
Female,41,26,0,HighSchool,7045,Mixed,1,41,0
Female,46,10,0,Bachelor,4619,Mixed,0,38,0
Male,36,5,2,HighSchool,3851,Mixed,1,40,0
Male,22,6,3,Postgraduate,4437,Mixed,1,54,0
Male,38,3,1,Bachelor,6158,Mixed,1,52,0
Female,28,5,0,Bachelor,7824,Mixed,0,44,0
Female,29,9,2,Bachelor,3743,Segregated,0,39,0
Male,40,1,1,HighSchool,5197,Mixed,0,31,0
Female,47,12,1,HighSchool,5676,Mixed,1,59,0
Male,35,19,2,HighSchool,3014,Segregated,0,50,0
Female,38,4,2,Bachelor,5040,Segregated,0,37,0
Female,52,24,0,HighSchool,2068,Mixed,0,52,0
Female,37,16,0,HighSchool,1461,Mixed,0,44,0
Male,60,20,3,Postgraduate,5733,Mixed,0,42,0
Male,40,6,1,Postgraduate,4232,Mixed,0,49,0
Male,22,18,0,Bachelor,5404,Mixed,0,37,0
Male,42,3,0,Bachelor,4964,Mixed,0,41,0
Female,38,19,0,HighSchool,3047,Segregated,0,46,0
Female,47,13,1,Bachelor,4909,Mixed,1,40,0
Female,41,16,3,Postgraduate,2533,Mixed,0,51,0
Female,33,2,1,HighSchool,7781,Mixed,0,63,1
Female,22,4,1,HighSchool,2288,Segregated,0,37,0
Female,32,16,2,Bachelor,4608,Mixed,0,30,0
Female,26,4,2,Bachelor,2915,Segregated,1,30,0
Female,29,15,3,HighSchool,6140,Mixed,0,43,0
Male,40,1,3,Bachelor,4337,Mixed,1,38,0
Male,51,18,0,Bachelor,3962,Mixed,1,47,0
Male,38,2,2,Bachelor,6706,Mixed,1,46,0
Female,23,16,1,Bachelor,5058,Mixed,0,30,0
Female,39,17,3,Postgraduate,6033,Mixed,0,30,0
Male,46,6,1,Bachelor,3037,Mixed,1,47,0
Female,28,16,3,Postgraduate,2190,Segregated,0,46,0
Female,33,14,2,Bachelor,5214,Mixed,1,40,0
Male,35,7,1,Bachelor,4362,Mixed,1,30,0
Male,27,3,2,Bachelor,6252,Mixed,1,49,0
Female,41,1,3,Postgraduate,4840,Segregated,0,57,0
Female,33,14,3,Postgraduate,5410,Segregated,1,47,0
Female,39,1,0,HighSchool,1753,Mixed,1,36,0
Female,26,12,2,Postgraduate,8776,Mixed,1,45,1
Female,30,9,1,Postgraduate,4671,Mixed,0,31,0
Female,42,17,0,Bachelor,6395,Segregated,0,55,0
Female,31,9,1,HighSchool,3327,Segregated,0,45,0
Female,52,9,1,Postgraduate,5616,Mixed,0,30,0
Male,31,17,3,Postgraduate,2394,Mixed,0,41,0
Male,37,14,1,HighSchool,5904,Mixed,1,49,0
Male,44,14,3,Postgraduate,4288,Mixed,0,41,0
Female,22,15,0,HighSchool,5058,Segregated,1,42,0
Female,22,1,1,HighSchool,6395,Mixed,0,32,0
Female,22,18,1,Bachelor,2534,Mixed,0,50,0
Male,47,16,1,Bachelor,3631,Segregated,0,38,1
Male,29,3,0,Bachelor,5914,Segregated,0,30,0
Male,60,10,0,HighSchool,9196,Mixed,1,41,0
Male,29,11,2,Postgraduate,4723,Segregated,0,54,0
Female,36,10,1,HighSchool,6182,Mixed,0,41,0
Male,50,14,1,HighSchool,4786,Segregated,0,62,0
Male,55,23,1,HighSchool,8884,Segregated,1,49,0
Female,55,20,3,Bachelor,1505,Mixed,0,48,0
Male,47,1,3,Postgraduate,5189,Segregated,0,43,0
Female,45,16,1,Bachelor,1748,Segregated,0,44,0
Female,40,22,1,Postgraduate,1000,Mixed,0,42,0
Male,42,15,0,HighSchool,5594,Mixed,0,41,0
Female,29,20,3,Bachelor,5278,Segregated,1,50,0
Female,26,28,0,Bachelor,4430,Mixed,0,35,0
Female,34,20,1,Bachelor,4787,Mixed,0,34,0
Male,33,13,1,HighSchool,11196,Segregated,0,33,0
Female,30,20,1,Bachelor,4483,Segregated,0,65,0
Female,41,13,0,Bachelor,6020,Mixed,0,50,0
Male,44,12,2,Bachelor,3701,Mixed,1,48,0
Male,35,9,0,Bachelor,5590,Mixed,1,34,0
Female,49,24,2,HighSchool,4523,Mixed,1,51,0
Female,23,5,0,Bachelor,4178,Mixed,1,43,0
Male,33,24,0,HighSchool,8637,Segregated,0,47,0
Female,27,15,3,Postgraduate,7354,Mixed,0,35,0
Male,22,1,0,Bachelor,5273,Mixed,0,46,0
Male,34,14,3,HighSchool,1000,Mixed,0,40,0
Male,33,1,2,Postgraduate,4277,Segregated,0,37,0
Male,50,17,0,Bachelor,10406,Mixed,0,52,0
Male,41,19,3,HighSchool,4538,Mixed,1,30,0
Male,24,7,1,Bachelor,7206,Mixed,1,50,0
Female,53,12,3,HighSchool,7883,Mixed,1,51,0
Male,47,27,0,Postgraduate,5437,Mixed,1,36,0
Male,40,7,3,Postgraduate,3316,Mixed,0,36,0
Female,32,3,0,Postgraduate,1000,Mixed,0,42,0
Male,25,23,2,Bachelor,6368,Mixed,1,47,0
Female,31,27,2,Bachelor,3370,Mixed,0,43,0
Male,45,12,3,Bachelor,5352,Mixed,0,49,0
Male,53,20,3,HighSchool,2500,Mixed,0,62,0
Male,50,22,3,Bachelor,4469,Mixed,0,39,0
Male,30,6,3,Bachelor,5067,Mixed,0,30,0
Male,23,8,0,HighSchool,5537,Mixed,0,53,0
Male,36,21,1,Bachelor,2770,Segregated,0,61,0
Male,22,25,1,Postgraduate,7393,Mixed,1,48,1
Male,38,16,1,Postgraduate,3806,Mixed,0,34,0
Male,33,4,1,HighSchool,1651,Mixed,0,43,0
Male,30,27,2,HighSchool,4781,Segregated,0,33,0
Male,22,7,0,HighSchool,5068,Segregated,0,51,0
Female,40,9,2,Postgraduate,5321,Mixed,1,31,0
Female,29,14,0,HighSchool,7724,Mixed,1,41,0
Male,23,24,1,Bachelor,4527,Mixed,1,34,0
Female,22,18,2,HighSchool,4760,Mixed,0,46,0
Female,34,15,2,Bachelor,2793,Mixed,0,41,0
Male,52,15,2,Bachelor,6641,Segregated,0,46,0
Female,51,12,2,Bachelor,5368,Mixed,0,45,0
Female,30,16,0,HighSchool,4159,Segregated,0,35,0
Male,28,1,2,Bachelor,1190,Mixed,0,51,1
Male,39,9,0,HighSchool,7888,Segregated,0,44,0
Female,25,13,1,Bachelor,2544,Segregated,1,35,0
Female,38,2,1,Postgraduate,3817,Mixed,0,67,0
Male,42,15,0,HighSchool,5716,Mixed,1,49,0
Male,47,10,1,Postgraduate,2606,Mixed,0,43,0
Male,33,26,3,Bachelor,2012,Mixed,0,59,0
Female,32,24,3,HighSchool,1000,Mixed,1,63,1
Female,26,8,1,Bachelor,6441,Mixed,1,43,0
Male,26,10,0,HighSchool,3909,Mixed,0,48,0
Male,32,11,0,Bachelor,10854,Segregated,0,35,0
Female,38,8,1,Bachelor,3011,Mixed,0,43,0
Male,44,13,3,HighSchool,3157,Segregated,0,43,0
Male,26,5,0,Bachelor,3869,Mixed,1,46,0
Female,49,2,2,Postgraduate,5486,Segregated,1,48,0
Female,32,16,0,Postgraduate,4059,Mixed,0,50,0
Female,34,17,3,Bachelor,6224,Mixed,0,47,0
Female,27,5,1,Postgraduate,3042,Segregated,0,32,0
Male,22,19,2,Bachelor,2236,Mixed,0,35,0
Male,43,6,1,Bachelor,1403,Segregated,1,39,0
Female,42,14,2,Postgraduate,1000,Mixed,1,42,0
Male,32,18,0,Bachelor,3963,Mixed,0,55,0
Male,35,11,0,Bachelor,4398,Mixed,0,33,0
Male,40,15,3,Bachelor,3737,Segregated,0,41,0
Male,22,7,3,Postgraduate,7486,Mixed,0,54,1
Male,29,10,3,Postgraduate,7456,Segregated,1,42,0
Male,42,10,2,Bachelor,4330,Segregated,0,49,0
Male,22,6,3,Bachelor,1412,Mixed,0,43,0
Male,37,10,0,Bachelor,3866,Mixed,0,47,0
Female,22,1,1,Bachelor,3800,Segregated,1,42,0
Female,39,8,1,HighSchool,3685,Mixed,0,51,0
Female,34,9,2,Bachelor,3604,Mixed,1,30,0
Female,22,9,1,Bachelor,3693,Mixed,1,41,0
Female,46,10,0,Bachelor,4226,Mixed,1,47,0
Male,27,11,2,HighSchool,3728,Mixed,0,50,0
Female,26,15,3,HighSchool,5416,Mixed,0,59,0
Female,37,18,1,Postgraduate,5720,Segregated,0,41,0
Female,46,6,0,Bachelor,3178,Mixed,0,59,0
Male,24,2,0,HighSchool,7542,Mixed,0,38,0
Male,35,3,1,Bachelor,3039,Segregated,0,58,0
Male,39,8,1,Bachelor,1764,Segregated,0,53,0
Male,41,9,2,HighSchool,5761,Segregated,1,35,0
Female,36,5,2,Bachelor,3365,Mixed,0,48,0
Female,31,1,2,Bachelor,5642,Segregated,0,44,0
Male,26,8,1,Bachelor,1000,Mixed,1,51,0
Female,35,13,3,Bachelor,7784,Mixed,1,42,0
Female,24,16,1,Bachelor,6344,Mixed,1,41,1
Male,22,7,1,Postgraduate,1999,Mixed,1,58,0
Male,39,8,3,Bachelor,2042,Segregated,1,44,0
Male,44,4,0,HighSchool,8344,Mixed,0,53,0
Male,22,11,0,HighSchool,3525,Segregated,0,42,0
Male,24,5,3,Bachelor,3331,Segregated,0,61,0
Male,41,16,1,Bachelor,1000,Mixed,0,38,0
Male,55,1,2,HighSchool,4298,Mixed,0,38,0
Male,35,9,0,Bachelor,4544,Mixed,0,60,0
Female,27,14,2,HighSchool,6430,Mixed,0,40,0
Male,33,13,1,Bachelor,2201,Mixed,0,61,0
Female,48,33,0,Bachelor,1959,Segregated,0,53,0
Male,28,14,2,Bachelor,5901,Mixed,1,43,0
Female,27,3,1,Bachelor,7013,Mixed,0,30,0
Male,30,11,1,HighSchool,1857,Segregated,1,44,0
Male,25,1,0,Bachelor,7163,Mixed,0,46,0
Female,36,11,0,HighSchool,5075,Segregated,1,56,0
Female,51,5,1,Postgraduate,7183,Mixed,1,60,1
Female,38,19,0,HighSchool,4859,Mixed,1,38,0
Male,32,7,3,Postgraduate,1000,Mixed,1,53,0
Male,32,11,0,Bachelor,4696,Mixed,0,52,0
Female,22,6,1,Bachelor,7120,Mixed,1,55,1
Female,43,25,0,Bachelor,3212,Segregated,1,49,0
Female,34,9,1,Postgraduate,4224,Mixed,1,30,1
Female,33,26,3,HighSchool,4647,Segregated,1,43,0
Male,60,18,0,HighSchool,1000,Mixed,0,33,0
Female,37,15,3,Bachelor,8342,Mixed,1,42,1
Male,27,14,1,HighSchool,3197,Mixed,0,54,0
Male,30,15,2,HighSchool,6011,Segregated,0,48,0
Male,46,1,2,Postgraduate,4826,Mixed,0,56,0
Female,36,9,3,Postgraduate,7515,Mixed,1,48,1
Male,22,18,2,Bachelor,5812,Segregated,0,32,0
Male,44,11,2,Postgraduate,4530,Mixed,0,30,0
Female,28,1,0,Bachelor,3212,Segregated,0,46,0
Male,53,11,0,HighSchool,6595,Mixed,1,42,0
Female,45,25,3,Bachelor,1253,Segregated,0,35,0
Male,30,21,1,Bachelor,6291,Segregated,0,30,0
Female,47,11,1,Postgraduate,2801,Segregated,0,37,0
Female,35,19,2,HighSchool,7504,Mixed,1,43,0
Male,43,9,1,Bachelor,5322,Mixed,1,51,0
Male,39,1,3,HighSchool,6288,Segregated,1,46,0
Male,26,4,2,HighSchool,5163,Mixed,0,61,0
Male,28,24,2,HighSchool,1495,Mixed,1,34,0
Female,45,9,3,Postgraduate,3278,Segregated,0,53,0
Male,31,10,0,Postgraduate,6344,Mixed,0,45,0
Female,30,9,1,Bachelor,5333,Mixed,0,51,0
Male,25,27,1,Bachelor,7361,Mixed,0,40,0
Female,39,25,1,Bachelor,5806,Mixed,1,55,0
Female,55,29,2,HighSchool,3066,Mixed,0,47,0
Female,24,10,3,HighSchool,3407,Segregated,0,38,0
Male,35,14,1,Bachelor,5205,Mixed,0,44,0
Male,49,1,1,Bachelor,1000,Segregated,0,42,0
Male,34,23,3,Bachelor,8346,Segregated,0,49,0
Female,39,2,1,HighSchool,5883,Segregated,0,33,0
Female,24,13,1,HighSchool,7454,Mixed,0,44,0
Female,39,3,1,HighSchool,1838,Segregated,1,48,0
Male,33,7,3,Bachelor,7489,Mixed,1,45,0
Female,44,5,2,Postgraduate,9462,Mixed,1,58,1
Female,46,7,2,Bachelor,2358,Segregated,0,52,0
Male,60,7,3,Postgraduate,6542,Mixed,1,44,0
Male,40,7,1,Bachelor,5002,Segregated,1,47,0
Female,38,18,1,Bachelor,1911,Mixed,1,47,1
Female,36,3,3,HighSchool,5985,Segregated,0,49,0
Female,31,13,1,Postgraduate,6667,Mixed,0,30,0
Male,38,21,2,Bachelor,3797,Segregated,1,41,0
Female,32,7,3,HighSchool,7331,Mixed,0,30,0
Male,36,6,2,Bachelor,1666,Mixed,0,57,0
Male,48,10,2,Bachelor,2010,Mixed,0,44,0
Male,24,21,3,Bachelor,5273,Mixed,0,43,0
Female,46,13,3,Postgraduate,5050,Mixed,1,53,0
Female,48,7,1,Bachelor,3566,Mixed,0,49,0
Female,33,15,0,Bachelor,6619,Mixed,0,33,0
Male,22,3,1,HighSchool,6061,Mixed,1,44,0
Female,28,17,2,HighSchool,6716,Mixed,0,41,0
Male,47,15,1,HighSchool,4753,Segregated,0,30,0
Female,34,9,2,HighSchool,6205,Segregated,0,38,0
Male,25,5,1,Bachelor,4108,Segregated,1,43,0
Male,29,4,2,Bachelor,9107,Segregated,0,43,0
Male,43,16,0,HighSchool,3374,Mixed,1,30,0
Male,40,21,2,Postgraduate,9210,Mixed,0,56,0
Female,32,6,2,HighSchool,5069,Mixed,0,43,0
Female,31,15,1,Bachelor,2248,Segregated,0,45,0
Male,31,1,1,HighSchool,7736,Segregated,0,49,0
Female,25,7,2,Bachelor,5251,Mixed,1,37,0
Male,51,11,1,HighSchool,6702,Mixed,1,49,0
Female,31,4,1,Bachelor,7447,Mixed,0,41,0
Female,47,4,3,Bachelor,5675,Mixed,0,36,0
Female,50,6,2,Postgraduate,3815,Mixed,1,50,0
Male,44,14,3,HighSchool,6951,Mixed,0,59,0
Female,30,10,1,HighSchool,5001,Segregated,0,52,0
Female,39,1,1,HighSchool,6371,Mixed,1,54,0
Male,34,1,3,Bachelor,1000,Segregated,0,39,0
Male,25,7,2,HighSchool,5893,Segregated,1,30,0
Female,38,15,2,Postgraduate,3722,Segregated,0,59,0
Female,23,1,1,Bachelor,8306,Segregated,1,65,0
Female,46,8,1,Bachelor,6246,Segregated,0,60,0
Female,30,7,0,Bachelor,5479,Segregated,0,41,0
Female,37,23,1,HighSchool,5972,Segregated,0,33,0
Male,37,8,0,HighSchool,3003,Mixed,0,34,0
Male,32,15,0,Bachelor,8246,Segregated,0,30,0
Male,40,13,3,Bachelor,8982,Segregated,0,43,0
Female,30,1,1,HighSchool,5785,Segregated,0,61,0
Male,43,18,2,HighSchool,8180,Segregated,1,43,0
Female,22,13,3,Postgraduate,3861,Mixed,0,48,0
Female,36,16,2,HighSchool,3405,Mixed,0,58,0
Female,54,40,0,Postgraduate,5081,Mixed,0,40,0
Male,24,1,2,Bachelor,5869,Mixed,0,65,0
Female,28,25,2,HighSchool,4212,Segregated,0,64,0
Male,40,9,2,HighSchool,6075,Mixed,0,43,0
Female,36,14,2,HighSchool,5612,Mixed,1,39,0
Male,38,11,3,Bachelor,3003,Mixed,0,51,0
Male,39,8,2,Bachelor,6037,Mixed,0,41,0
Female,41,7,1,Bachelor,6727,Segregated,1,33,0
Male,46,14,2,Postgraduate,5342,Segregated,1,57,0
Male,39,1,0,Bachelor,7305,Mixed,0,57,0
Female,32,18,3,HighSchool,2565,Mixed,1,46,0
Female,41,8,0,HighSchool,5935,Mixed,0,32,0
Female,53,2,1,Postgraduate,2659,Mixed,1,32,1
Female,33,8,3,HighSchool,2771,Mixed,0,46,0
Female,25,22,2,HighSchool,3738,Segregated,1,40,0
Male,46,7,1,Bachelor,3115,Mixed,1,41,0
Male,33,14,1,Bachelor,3904,Mixed,0,55,0
Male,22,6,3,Postgraduate,4571,Mixed,0,52,0
Female,43,18,1,Bachelor,6674,Segregated,0,58,0
Female,29,17,3,HighSchool,4357,Segregated,0,35,0
Male,34,26,0,Postgraduate,1828,Segregated,0,41,0
Male,38,10,2,HighSchool,7280,Mixed,0,52,0
Female,36,17,3,Bachelor,3325,Segregated,0,49,0
Male,42,12,0,Bachelor,4882,Mixed,0,60,0
Female,30,22,1,HighSchool,5893,Mixed,0,49,0
Female,40,6,0,Bachelor,5399,Mixed,0,63,0
Female,32,17,2,HighSchool,7188,Mixed,0,50,0
Male,42,10,2,Bachelor,5958,Segregated,1,55,0
Female,41,11,2,Bachelor,3277,Segregated,0,41,0
Female,25,12,0,Bachelor,9357,Mixed,0,45,0
Female,45,14,1,Postgraduate,5388,Segregated,1,54,0
Female,29,11,0,HighSchool,4705,Segregated,1,61,0
Female,43,13,1,Bachelor,6927,Segregated,0,52,0
Female,38,24,2,Bachelor,5498,Mixed,1,44,0
Male,53,19,3,HighSchool,5798,Mixed,0,58,0
Female,32,18,2,Bachelor,9984,Mixed,1,30,1
Female,31,8,1,Bachelor,4449,Segregated,0,30,0
Male,34,4,3,HighSchool,4364,Mixed,0,51,0
Female,31,19,2,Bachelor,5233,Mixed,0,45,0
Female,42,19,3,HighSchool,7143,Mixed,1,51,1
Female,22,23,2,Bachelor,1986,Mixed,0,45,0
Male,24,7,1,HighSchool,1068,Segregated,0,50,0
Male,24,10,0,Postgraduate,3825,Segregated,0,36,0
Female,44,1,2,Bachelor,1732,Segregated,1,50,0
Female,52,8,0,Bachelor,4150,Segregated,1,54,1
Male,33,19,1,Bachelor,6004,Mixed,0,57,0
Female,33,8,2,Postgraduate,3218,Mixed,0,65,0
Female,35,17,2,Bachelor,2146,Mixed,0,47,0
Female,46,10,2,HighSchool,5138,Mixed,0,47,0
Female,25,14,0,Bachelor,6725,Mixed,1,30,1
Male,37,2,1,Postgraduate,1610,Segregated,0,39,0
Male,44,12,2,Bachelor,6640,Mixed,0,43,0
Male,40,1,3,Bachelor,6634,Segregated,0,55,0
Female,36,10,2,Postgraduate,6908,Mixed,0,38,0
Male,45,1,3,Postgraduate,7436,Mixed,0,52,0
Male,22,21,2,Postgraduate,9404,Mixed,0,44,0
Male,41,18,2,HighSchool,4287,Mixed,0,43,0
Female,28,15,0,Bachelor,5219,Mixed,0,47,0
Female,22,24,2,Bachelor,4167,Mixed,0,41,0
Male,40,4,2,Bachelor,5003,Mixed,0,40,0
Male,48,25,2,Bachelor,8065,Mixed,0,30,0
Female,33,19,1,HighSchool,2309,Mixed,1,42,0
Male,44,10,2,Bachelor,3277,Segregated,0,40,0
Male,51,21,1,Bachelor,7754,Segregated,0,39,1
Male,48,3,2,HighSchool,7040,Mixed,1,49,0
Male,51,5,0,Bachelor,4273,Segregated,1,51,0
Male,42,7,3,HighSchool,6708,Segregated,0,47,0
Female,35,7,0,Bachelor,5682,Segregated,0,54,0
Male,22,3,0,HighSchool,8000,Mixed,0,50,0
Female,32,21,1,Bachelor,5149,Mixed,0,42,0
Male,26,9,2,Bachelor,7051,Segregated,0,40,0
Female,56,14,1,Bachelor,10284,Mixed,1,48,1
Female,33,7,1,Bachelor,6196,Segregated,1,50,0
Male,36,1,2,Postgraduate,5098,Segregated,0,58,0
Female,40,14,1,HighSchool,6444,Mixed,0,56,0
Male,35,1,3,HighSchool,4269,Mixed,0,39,0
Female,51,11,3,Postgraduate,9775,Mixed,0,43,0
Male,28,1,2,HighSchool,5360,Mixed,0,51,0
Male,36,27,1,Postgraduate,4454,Mixed,1,55,0
Male,27,19,2,Postgraduate,3328,Mixed,0,54,0
Female,22,12,0,Bachelor,7194,Mixed,1,44,0
Female,28,22,1,Postgraduate,6734,Mixed,1,32,0
Female,34,5,1,HighSchool,4005,Segregated,1,35,0
Male,30,16,3,Bachelor,6152,Mixed,0,47,0
Female,28,13,0,Bachelor,1982,Segregated,0,48,0
Male,22,14,2,Bachelor,5369,Segregated,0,34,0
Female,34,22,2,Postgraduate,5905,Mixed,0,45,0
Male,22,17,1,HighSchool,8414,Segregated,0,51,0
Male,42,14,0,Bachelor,3458,Mixed,0,33,0
Male,35,1,3,Bachelor,2443,Segregated,0,56,0
Male,22,4,2,Bachelor,3209,Mixed,0,41,0
Female,31,11,2,HighSchool,2326,Mixed,1,57,0
Male,27,12,1,Bachelor,7673,Mixed,0,39,0
Female,38,2,1,Postgraduate,8097,Mixed,0,34,0
Male,48,31,1,HighSchool,5640,Mixed,0,40,0
Female,22,24,0,Postgraduate,7442,Mixed,1,44,1
Male,36,16,0,Bachelor,5267,Mixed,0,41,0
Male,33,12,3,Bachelor,4809,Mixed,0,42,0
Female,41,10,1,Bachelor,4333,Mixed,0,48,0
Male,37,4,0,HighSchool,4379,Mixed,1,43,0
Male,27,12,2,Bachelor,1904,Mixed,1,44,0
Female,31,14,2,Postgraduate,5528,Mixed,0,30,0
Female,27,2,0,Bachelor,4919,Segregated,0,48,0
Male,45,14,2,Postgraduate,6490,Mixed,0,44,0
Male,35,10,0,Bachelor,5187,Segregated,0,61,0
Female,54,1,0,HighSchool,4674,Mixed,1,35,0
Male,34,5,0,Bachelor,3257,Segregated,1,30,0
Male,27,8,3,Postgraduate,5144,Mixed,1,51,1
Male,22,27,0,Bachelor,6476,Mixed,0,48,0
Female,22,16,0,Postgraduate,2713,Mixed,0,34,0
Female,22,1,1,Postgraduate,5174,Mixed,0,30,1
Male,37,15,3,Bachelor,5466,Mixed,1,60,0
Male,40,1,1,HighSchool,3563,Mixed,1,59,0
Male,22,20,1,Bachelor,3824,Segregated,0,30,0
Female,43,8,0,Bachelor,5461,Mixed,0,40,0
Male,30,11,1,Bachelor,2733,Mixed,0,61,0
Male,36,22,2,Bachelor,5699,Segregated,0,40,0
Female,51,1,2,Bachelor,3209,Mixed,1,40,0
Male,43,1,1,Bachelor,7125,Segregated,0,42,0
Female,32,7,1,Bachelor,9675,Mixed,1,33,1
Male,26,20,0,Bachelor,3278,Segregated,0,30,0
Male,22,1,1,Bachelor,6068,Mixed,1,55,0
Male,27,1,0,Bachelor,3546,Segregated,0,30,0
Female,32,8,2,Bachelor,7081,Segregated,1,47,0
Female,25,16,3,Postgraduate,2469,Mixed,0,53,0
Female,33,21,3,Bachelor,5961,Mixed,0,30,1
Male,35,8,3,Bachelor,3254,Mixed,0,35,0
Female,32,8,2,Bachelor,4586,Segregated,0,57,0
Male,28,21,2,HighSchool,2937,Mixed,0,50,0
Male,36,1,1,HighSchool,6644,Mixed,0,38,0
Female,39,8,2,Postgraduate,3326,Mixed,1,57,0
Male,24,13,1,Bachelor,6103,Mixed,0,57,0
Male,49,15,1,Bachelor,4311,Mixed,1,47,0
Male,34,7,2,Bachelor,4771,Segregated,1,35,0
Male,35,12,1,HighSchool,5295,Mixed,0,40,0
Male,42,1,1,Bachelor,3476,Segregated,1,47,0
Female,37,6,3,Bachelor,5420,Mixed,0,43,0
Male,44,15,0,Bachelor,8060,Mixed,0,54,1
Female,37,4,1,Bachelor,3443,Mixed,0,30,0
Female,28,12,3,HighSchool,7343,Mixed,1,30,1
Male,38,15,2,HighSchool,7996,Segregated,0,46,0
Male,23,9,2,Postgraduate,3367,Segregated,0,40,0
Male,36,13,1,Bachelor,2089,Mixed,0,38,0
Female,34,4,1,Bachelor,5603,Mixed,1,30,0
Male,32,10,3,HighSchool,3905,Mixed,0,45,0
Female,33,16,2,HighSchool,8737,Segregated,1,44,0
Male,22,13,2,Bachelor,5069,Segregated,1,51,0
Female,29,7,0,Bachelor,3395,Segregated,1,45,0
Male,35,13,0,Bachelor,2705,Mixed,1,43,0
Male,36,17,3,HighSchool,7179,Mixed,1,56,0
Female,24,1,1,Bachelor,3857,Mixed,0,31,0
Female,47,21,2,HighSchool,5087,Mixed,0,50,0
Male,26,9,0,HighSchool,6911,Mixed,0,30,0
Female,44,15,2,Bachelor,4031,Mixed,0,36,0
Female,39,21,3,HighSchool,4908,Mixed,0,32,0
Female,28,1,2,HighSchool,4966,Segregated,0,52,0
Female,52,6,0,Bachelor,6366,Segregated,0,44,0
Male,23,9,2,Bachelor,6181,Mixed,1,44,1
Male,44,5,2,Postgraduate,4559,Mixed,0,33,0
Male,45,25,1,Bachelor,5127,Mixed,1,42,0
Female,28,5,3,HighSchool,4256,Segregated,0,37,0
Female,48,7,2,HighSchool,2044,Segregated,0,48,0
Male,32,13,3,Postgraduate,5515,Segregated,1,35,0
Male,37,2,2,Bachelor,8784,Segregated,0,58,0
Female,37,8,0,Bachelor,3232,Mixed,0,30,0
Female,33,14,1,HighSchool,3453,Mixed,0,36,0
Female,43,9,1,Bachelor,3258,Mixed,0,61,0
Male,42,11,3,HighSchool,6449,Mixed,1,40,0
Male,22,7,2,Bachelor,5896,Segregated,1,31,0
Male,48,1,2,Postgraduate,4682,Mixed,0,47,0
Female,22,14,1,Postgraduate,3163,Mixed,0,40,1
Male,45,26,0,Bachelor,5184,Mixed,0,36,0
Female,46,12,2,Bachelor,1870,Segregated,0,34,0
Male,24,13,1,Postgraduate,5286,Mixed,0,72,1
Female,30,17,1,Bachelor,6743,Segregated,0,42,0
Female,23,1,2,HighSchool,2497,Mixed,0,30,0
Female,32,25,0,Bachelor,1934,Mixed,0,59,0
Male,31,13,1,HighSchool,8158,Mixed,0,51,0
Male,42,25,1,Bachelor,3776,Segregated,1,37,0
Male,48,6,0,Bachelor,7271,Mixed,0,35,0
Female,48,26,3,Bachelor,4692,Segregated,1,51,0
Female,29,18,1,Bachelor,4676,Mixed,1,42,0
Female,32,16,0,HighSchool,5876,Mixed,0,30,0
Female,22,13,1,Bachelor,3232,Segregated,0,62,0
Female,26,10,2,Postgraduate,5264,Mixed,1,40,0
Male,44,21,1,Bachelor,4237,Mixed,1,59,0
Female,51,13,2,Bachelor,2359,Segregated,1,57,0
Male,22,1,0,Postgraduate,5674,Mixed,0,34,0
Male,29,3,0,Postgraduate,4473,Segregated,1,55,0
Female,34,10,1,HighSchool,4685,Mixed,0,38,0
Male,37,14,3,HighSchool,2579,Mixed,1,30,0
Male,26,11,3,Bachelor,8182,Mixed,1,40,0
Female,39,21,0,Postgraduate,6753,Segregated,0,48,0
Male,30,1,2,Postgraduate,6928,Mixed,1,40,1
Female,34,13,3,Postgraduate,4389,Segregated,0,41,0
Male,40,1,1,Bachelor,1541,Segregated,1,56,0
Male,35,18,3,Bachelor,8905,Mixed,0,46,0
Male,30,11,0,HighSchool,4877,Mixed,1,36,0
Male,33,15,3,HighSchool,3502,Mixed,0,52,0
Female,34,5,2,Bachelor,5833,Mixed,1,46,1
Male,31,22,3,Bachelor,7334,Mixed,0,30,0
Female,32,20,2,Bachelor,4953,Segregated,0,49,0
Male,50,16,1,Bachelor,7557,Segregated,0,48,0
Female,40,10,3,HighSchool,7165,Segregated,1,45,1
Female,32,16,1,Bachelor,2847,Segregated,0,53,0
Female,41,6,1,HighSchool,3652,Segregated,0,38,0
Male,31,18,2,Bachelor,6915,Mixed,0,48,0
Male,46,25,2,Bachelor,1000,Segregated,1,30,0
Male,38,20,3,Bachelor,4701,Segregated,0,49,0
Female,33,6,1,Postgraduate,2138,Mixed,0,64,0
Male,39,14,2,HighSchool,4046,Segregated,0,35,0
Female,22,1,2,Bachelor,4402,Mixed,0,37,0
Female,23,16,0,Bachelor,4283,Segregated,0,37,0
Male,23,15,1,Bachelor,3895,Segregated,0,46,0
Female,36,1,1,Postgraduate,2805,Segregated,1,34,1
Male,52,2,1,Bachelor,9583,Mixed,1,49,0
Male,57,9,3,Postgraduate,8734,Segregated,0,53,0
Female,41,9,2,HighSchool,2675,Mixed,0,50,0
Female,40,2,2,Postgraduate,8164,Mixed,1,30,1
Female,22,15,3,HighSchool,4201,Segregated,0,54,0
Male,29,14,1,Postgraduate,5258,Mixed,1,54,0
Male,27,10,3,Bachelor,4873,Segregated,0,53,0
Female,28,5,1,Bachelor,3680,Mixed,0,48,0
Female,33,20,3,Bachelor,6967,Mixed,0,47,0
Female,30,25,0,Postgraduate,5251,Segregated,1,55,0
Male,22,8,3,HighSchool,4046,Mixed,0,64,1
Female,42,7,1,Bachelor,2390,Mixed,0,35,0
Male,24,15,1,Postgraduate,3212,Segregated,0,55,0
Male,37,9,2,Bachelor,1717,Mixed,1,44,0
Female,55,10,1,HighSchool,5024,Segregated,1,43,0
Male,25,17,2,Bachelor,2606,Mixed,0,30,0
Female,22,1,1,Bachelor,4468,Mixed,0,42,0
Male,32,22,2,Postgraduate,7740,Mixed,1,35,0
Male,46,12,1,Bachelor,7398,Mixed,0,40,0
Female,54,8,0,Bachelor,4935,Mixed,0,34,0
Female,22,11,1,Postgraduate,4825,Mixed,0,40,0
Female,39,11,1,Bachelor,8759,Mixed,1,40,1
Female,30,1,0,HighSchool,6041,Mixed,0,45,0
Female,33,23,1,HighSchool,4344,Mixed,1,30,1
Female,60,12,1,Bachelor,2147,Mixed,0,30,0
Female,22,15,0,HighSchool,5787,Mixed,0,48,0
Male,37,19,2,Postgraduate,6658,Segregated,1,37,0
Female,39,3,3,Bachelor,3736,Segregated,0,55,0
Male,45,15,0,HighSchool,5582,Segregated,0,47,0
Female,35,9,2,Bachelor,4272,Mixed,0,51,0
Female,38,18,2,Bachelor,4631,Segregated,1,59,0
Male,31,1,1,Postgraduate,1000,Segregated,1,41,1
Female,37,11,2,Postgraduate,4556,Segregated,1,39,0
Female,31,7,1,Bachelor,6938,Mixed,1,53,0
Male,41,15,2,Bachelor,3737,Segregated,0,50,0
Female,31,15,0,Bachelor,5105,Segregated,0,43,0
Female,38,6,2,Bachelor,3488,Segregated,1,58,0
Male,34,6,2,HighSchool,5720,Mixed,0,42,0
Female,46,11,0,HighSchool,4566,Mixed,0,45,0
Male,34,4,1,Bachelor,3121,Mixed,0,45,0
Female,22,18,3,HighSchool,7665,Mixed,0,35,0
Female,47,9,1,HighSchool,6857,Segregated,1,45,0
Female,25,1,2,Bachelor,3790,Mixed,0,58,0
Male,28,9,3,HighSchool,5995,Mixed,0,49,0
Female,29,3,2,Bachelor,6074,Mixed,1,45,1
Female,48,1,2,Bachelor,6284,Mixed,0,43,0
Male,22,2,2,Postgraduate,1611,Mixed,0,48,0
Female,60,12,3,Bachelor,7013,Segregated,0,52,0
Male,45,22,1,HighSchool,3860,Mixed,1,51,0
Female,37,14,1,Bachelor,4284,Mixed,1,41,0
Male,34,7,1,Postgraduate,10275,Mixed,1,48,0
Male,37,15,3,Postgraduate,5603,Mixed,1,49,0
Male,40,8,2,Bachelor,4227,Mixed,0,34,0
Female,41,6,0,Bachelor,1000,Segregated,1,46,0
Male,40,2,3,Postgraduate,7779,Segregated,1,30,1
Female,35,1,1,HighSchool,2309,Segregated,0,49,0
Male,33,8,0,Bachelor,2993,Segregated,0,51,0
Male,33,13,2,Bachelor,4337,Mixed,1,52,0
Female,33,11,1,HighSchool,7832,Segregated,1,41,0
Female,46,8,3,Bachelor,6546,Segregated,1,48,0
Male,40,4,1,HighSchool,4684,Segregated,1,59,0
Female,22,16,3,Bachelor,5616,Mixed,0,59,0
Female,41,1,2,Postgraduate,3799,Segregated,0,44,0
Female,36,18,0,HighSchool,5279,Segregated,0,46,0
Male,34,3,3,Postgraduate,5146,Segregated,0,56,0
Male,31,5,2,HighSchool,6937,Mixed,1,30,0
Female,46,1,1,Bachelor,6934,Segregated,0,41,0
Male,44,7,1,HighSchool,5987,Segregated,0,58,0
Female,27,19,3,Postgraduate,4275,Segregated,0,54,0
Female,39,16,1,Bachelor,6483,Mixed,0,48,0
Female,25,19,0,Bachelor,4816,Segregated,0,30,0
Female,22,16,0,Postgraduate,2836,Mixed,0,44,1
Female,28,3,1,Bachelor,4193,Mixed,0,39,0
Male,43,9,2,Postgraduate,5169,Mixed,0,48,0
Female,44,5,1,Bachelor,6820,Segregated,1,36,0
Male,40,22,1,Postgraduate,4632,Mixed,0,34,0
Male,42,2,0,Bachelor,2581,Mixed,0,30,0
Female,40,19,1,HighSchool,5113,Segregated,0,57,0
Female,28,19,3,Bachelor,5226,Segregated,0,41,0
Female,39,26,1,HighSchool,5371,Mixed,0,46,0
Female,43,8,3,Bachelor,6839,Segregated,1,44,0
Male,42,17,1,Bachelor,7037,Segregated,1,34,0
Male,46,30,0,Bachelor,3811,Mixed,0,32,0
Female,42,7,3,HighSchool,3767,Mixed,0,34,0
Male,38,1,1,HighSchool,2919,Mixed,1,37,0
Male,45,1,2,Bachelor,6397,Mixed,1,48,0
Male,34,17,3,Postgraduate,7897,Mixed,1,37,0
Male,26,1,0,Bachelor,4369,Segregated,0,62,0
Male,33,9,0,Bachelor,4517,Segregated,0,55,0
Male,27,15,2,Bachelor,7933,Mixed,0,53,0
Male,28,13,1,Bachelor,6011,Mixed,0,43,0
Male,33,15,0,HighSchool,5872,Mixed,0,60,0
Female,27,13,0,Bachelor,2618,Mixed,0,42,0
Male,31,22,0,HighSchool,6357,Mixed,0,44,0
Male,22,4,2,Postgraduate,3141,Segregated,1,46,0
Female,37,6,0,HighSchool,2731,Segregated,1,52,0
Male,35,5,1,Bachelor,4306,Mixed,0,51,0
Female,26,18,2,HighSchool,3828,Segregated,1,40,0
Female,41,19,1,HighSchool,4556,Mixed,0,39,0
Male,44,15,0,Bachelor,2118,Segregated,1,51,0
Male,22,21,2,HighSchool,6917,Mixed,0,52,0
Female,27,2,0,HighSchool,7255,Mixed,0,41,0
Female,27,25,2,Bachelor,1105,Segregated,0,30,0
Male,25,24,3,HighSchool,6956,Mixed,0,42,0
Female,43,17,1,HighSchool,3378,Segregated,1,51,0
Male,33,26,2,Postgraduate,6713,Mixed,0,63,0
Female,32,1,1,Bachelor,4863,Mixed,0,33,0
Male,22,7,1,Postgraduate,5057,Mixed,0,40,0
Female,41,6,3,Postgraduate,4629,Mixed,0,41,0
Female,22,17,3,Bachelor,7424,Segregated,0,58,0
Female,35,3,1,HighSchool,2520,Mixed,1,44,0
Female,37,18,2,Bachelor,6215,Segregated,1,35,0
Male,48,22,3,Postgraduate,7202,Segregated,1,50,0
Male,22,17,3,Bachelor,6432,Segregated,1,40,0
Male,22,14,2,Bachelor,9649,Mixed,0,32,0
Male,36,4,1,HighSchool,3942,Segregated,1,36,0
Female,53,5,1,Postgraduate,6914,Mixed,0,62,0
Male,47,21,3,Bachelor,4787,Mixed,1,48,0
Male,37,18,0,Postgraduate,7466,Mixed,0,46,0
Female,30,11,2,HighSchool,4984,Mixed,1,42,0
Female,43,8,1,HighSchool,4224,Mixed,1,47,0
Female,25,1,1,HighSchool,7612,Segregated,1,47,0
Female,39,3,1,Bachelor,4016,Mixed,1,47,0
Male,40,27,3,HighSchool,2174,Mixed,1,46,0
Male,45,1,0,HighSchool,3966,Segregated,1,53,0
Female,60,13,2,Postgraduate,6238,Mixed,0,45,0
Female,38,20,0,HighSchool,7784,Mixed,0,35,0
Male,29,1,0,Postgraduate,5222,Mixed,0,38,0
Female,34,13,1,Bachelor,7636,Segregated,0,30,0
Male,22,19,2,Postgraduate,2283,Mixed,0,65,0
Male,28,12,1,Bachelor,4113,Mixed,0,53,0
Female,30,34,1,Postgraduate,4422,Mixed,0,36,0
Female,29,1,0,Postgraduate,4770,Segregated,1,42,1
Female,36,20,1,HighSchool,5168,Segregated,1,38,0
Male,26,10,3,HighSchool,6381,Segregated,0,60,0
Female,46,18,3,HighSchool,4110,Mixed,0,30,0
Male,35,15,1,Bachelor,5278,Mixed,0,46,0
Male,34,6,2,Postgraduate,4909,Mixed,0,43,0
Female,31,13,3,Bachelor,3148,Mixed,1,53,0
Female,36,1,0,Bachelor,4772,Mixed,0,43,0
Female,43,16,3,HighSchool,4712,Mixed,0,30,0
Female,26,14,3,Postgraduate,4669,Mixed,1,42,1
Female,28,17,0,Postgraduate,5063,Segregated,1,35,0
Female,31,20,0,HighSchool,5151,Mixed,0,45,0
Male,22,14,3,Bachelor,4135,Segregated,1,59,0
Male,26,13,2,HighSchool,7545,Mixed,0,30,0
Male,30,4,0,Bachelor,2661,Mixed,0,36,0
Male,43,6,1,Bachelor,3558,Mixed,0,39,0
Female,37,21,1,HighSchool,10559,Mixed,0,41,0
Female,36,23,2,Bachelor,2924,Mixed,0,52,0
Male,43,10,2,Bachelor,2292,Mixed,0,43,0
Male,33,12,3,Bachelor,6468,Segregated,1,49,0
Female,38,4,1,Bachelor,1000,Segregated,1,38,0
Male,33,21,2,HighSchool,4529,Mixed,0,47,0
Female,37,17,2,Bachelor,9291,Segregated,0,52,0
Female,29,27,1,Bachelor,1910,Segregated,1,37,0
Female,22,4,0,Bachelor,1036,Segregated,0,52,0
Female,33,8,3,HighSchool,2001,Segregated,1,45,1
Female,49,13,3,Bachelor,6796,Mixed,0,55,0
Male,44,17,1,Postgraduate,7249,Mixed,0,42,0
Female,44,10,2,HighSchool,3974,Mixed,0,48,0
Female,47,5,1,Bachelor,6366,Mixed,0,44,0
Male,35,19,2,HighSchool,7780,Mixed,0,44,0
Female,36,17,2,Bachelor,8574,Mixed,0,47,0
Female,28,4,2,HighSchool,4507,Segregated,0,50,0
Female,31,22,3,Bachelor,1000,Segregated,0,32,0
Female,41,21,2,Bachelor,3358,Segregated,0,59,0
Female,47,13,1,Bachelor,4146,Segregated,0,30,0
Female,33,12,2,Bachelor,4482,Segregated,0,38,0
Female,30,16,0,Bachelor,4624,Mixed,0,44,0
Female,35,5,1,Bachelor,7237,Mixed,0,49,0
Female,41,12,1,HighSchool,7548,Mixed,0,60,0
Female,22,1,1,HighSchool,4656,Segregated,1,30,0
Female,22,19,2,Postgraduate,7196,Mixed,0,39,0
Male,29,1,1,HighSchool,5715,Segregated,1,30,1
Female,22,24,2,Bachelor,5129,Mixed,0,45,0
Female,29,9,2,Postgraduate,6813,Mixed,0,47,0
Male,33,10,1,HighSchool,5144,Segregated,0,60,0
Female,30,6,3,Bachelor,9115,Mixed,1,46,1
Male,49,9,1,Bachelor,2123,Mixed,0,55,0
Male,38,23,1,Postgraduate,3969,Mixed,0,50,0
Female,38,1,2,Postgraduate,4746,Mixed,0,40,0
Male,41,22,1,Bachelor,5878,Segregated,0,30,0
Female,23,14,0,HighSchool,7535,Mixed,0,47,0
Female,45,2,2,Bachelor,4951,Mixed,0,30,0
Female,34,3,2,Bachelor,2155,Mixed,0,57,0
Male,41,25,1,Bachelor,6685,Segregated,0,43,0
Male,24,4,3,HighSchool,6509,Mixed,0,56,0
Female,22,2,2,HighSchool,1116,Segregated,1,40,0
Female,43,21,3,Bachelor,4992,Segregated,1,47,0
Female,38,14,0,Bachelor,1819,Mixed,0,47,0
Male,25,4,2,Bachelor,3670,Segregated,1,44,0
Female,26,13,3,Bachelor,3194,Segregated,1,40,0
Female,46,3,2,Postgraduate,6618,Mixed,0,48,0
Female,23,20,2,Bachelor,5233,Mixed,0,35,0
Male,51,20,1,HighSchool,2428,Segregated,1,32,0
Female,25,16,0,HighSchool,6760,Segregated,0,57,0
Female,41,14,1,HighSchool,2132,Mixed,0,52,0
Female,31,26,1,Postgraduate,5660,Mixed,1,45,0
Male,41,11,3,Bachelor,3371,Segregated,0,61,0
Female,29,2,1,Bachelor,4268,Segregated,1,42,0
Female,33,15,3,Bachelor,6008,Segregated,1,58,0
Male,35,28,3,Bachelor,6042,Mixed,1,46,0
Female,24,3,1,Postgraduate,7673,Segregated,0,34,0
Female,42,9,1,Bachelor,4835,Mixed,0,63,0
Male,29,15,3,HighSchool,5612,Mixed,0,54,0
Male,32,11,3,HighSchool,4124,Segregated,0,43,0
Female,25,4,1,Bachelor,5363,Segregated,0,52,0
Male,22,20,1,Postgraduate,5878,Mixed,0,40,0
Female,33,30,2,Bachelor,4803,Mixed,0,53,0
Male,59,13,2,Postgraduate,1392,Segregated,0,30,0
Female,42,4,1,Bachelor,5662,Mixed,0,34,0
Male,34,1,2,HighSchool,5729,Segregated,1,54,0
Female,32,14,0,HighSchool,3639,Segregated,1,42,0
Female,35,20,0,HighSchool,2431,Mixed,1,47,0
Female,40,15,1,Bachelor,7951,Segregated,0,31,0
Female,23,11,1,HighSchool,5982,Segregated,1,63,0
Male,46,7,1,Bachelor,4541,Segregated,1,56,0
